step,loss,acc,lr
50,4.359771728515625,0.013098682276904583,0.00010094999999999999
100,4.212231636047363,0.013686569407582283,0.00020089999999999984
150,4.169842720031738,0.022628027945756912,0.00030084999999999997
200,4.177532196044922,0.016454394906759262,0.00040079999999999977
250,4.159830093383789,0.016661377623677254,0.0005007499999999998
300,4.164565563201904,0.01673540659248829,0.0006007
350,4.1589555740356445,0.015118963085114956,0.0007006499999999999
400,4.155508041381836,0.014058776199817657,0.0008005999999999998
450,4.165916919708252,0.0167709831148386,0.0009005499999999991
500,4.160538196563721,0.020016012713313103,0.0010004999999999997
550,4.163107395172119,0.01516354363411665,0.0011004499999999993
600,4.167001247406006,0.015145476907491684,0.001200399999999999
650,4.1610331535339355,0.016844602301716805,0.0013003499999999998
700,4.158788204193115,0.01840490661561489,0.001400300000000001
750,4.152870178222656,0.025425061583518982,0.0015002500000000011
800,4.140746116638184,0.02861710637807846,0.0016002000000000015
850,4.131265163421631,0.03357004374265671,0.0017001500000000023
900,4.133237838745117,0.030652260407805443,0.0018001000000000037
950,4.122512340545654,0.03905373066663742,0.001900050000000002
1000,4.052500247955322,0.07683678716421127,0.002
1050,3.716400146484375,0.1743031144142151,0.001999937371470926
1100,3.4665565490722656,0.20140327513217926,0.0019997494937677917
1150,3.228419542312622,0.22844621539115906,0.0019994363905418634
1200,3.1407010555267334,0.2365422546863556,0.0019989981012086054
1250,3.0884835720062256,0.24186083674430847,0.0019984346809427257
1300,3.0402438640594482,0.24543124437332153,0.0019977462006712204
1350,2.9871134757995605,0.25452399253845215,0.0019969327470644596
1400,2.9721601009368896,0.2501777410507202,0.0019959944225252596
1450,2.922708034515381,0.2598870098590851,0.0019949313451760055
1500,2.8781216144561768,0.26332512497901917,0.001993743648843773
1550,2.8465068340301514,0.2702593505382538,0.0019924314830434874
1600,2.828359842300415,0.2696262300014496,0.0019909950129590914
1650,2.810844659805298,0.26902174949645996,0.001989434419422768
1700,2.8058695793151855,0.26823437213897705,0.0019877498988921587
1750,2.7362217903137207,0.2800515592098236,0.00198594166342564
1800,2.753922939300537,0.2726117670536041,0.001984009940655632
1850,2.7530369758605957,0.2721408009529114,0.0019819549737599335
1900,2.715075731277466,0.28046345710754395,0.0019797770214311145
1950,2.7115752696990967,0.283405601978302,0.0019774763578439512
2000,2.720308303833008,0.27987968921661377,0.0019750532726209072
2050,2.67824125289917,0.28338608145713806,0.0019725080707956788
2100,2.674199104309082,0.2889276146888733,0.001969841072774794
2150,2.673251152038574,0.2851710915565491,0.00196705261429727
2200,2.6656293869018555,0.2790256142616272,0.001964143046392363
2250,2.667910099029541,0.28336626291275024,0.001961112735335361
2300,2.648956298828125,0.28856319189071655,0.001957962062601487
2350,2.624002695083618,0.2955491542816162,0.0019546914248178785
2400,2.5954642295837402,0.29701316356658936,0.0019513012337136512
2450,2.6209805011749268,0.2943984568119049,0.001947791916068064
2500,2.589179515838623,0.29744860529899597,0.0019441639136567983
2550,2.6133058071136475,0.2958240509033203,0.0019404176831963463
2600,2.5745959281921387,0.301177978515625,0.001936553696286513
2650,2.562737226486206,0.29663243889808655,0.0019325724393510486
2700,2.5578091144561768,0.3039286136627197,0.0019284744135764187
2750,2.564859390258789,0.303023099899292,0.0019242601348487055
2800,2.5285565853118896,0.31311672925949097,0.0019199301336886685
2850,2.526249885559082,0.30741482973098755,0.0019154849551849585
2900,2.5099315643310547,0.3136283755302429,0.001910925158925498
2950,2.49367094039917,0.31860390305519104,0.001906251318927034
3000,2.4929590225219727,0.3196455240249634,0.0019014640235628826
3050,2.49025821685791,0.32513168454170227,0.0018965638754888574
3100,2.4796154499053955,0.32254740595817566,0.0018915514915674007
3150,2.45135498046875,0.32776933908462524,0.0018864275027899355
3200,2.4417498111724854,0.32508382201194763,0.0018811925541974274
3250,2.426518201828003,0.33793649077415466,0.0018758473047991826
3300,2.4461233615875244,0.3278675377368927,0.0018703924274898903
3350,2.4011998176574707,0.33873647451400757,0.0018648286089649104
3400,2.404693841934204,0.33900198340415955,0.001859156549633832
3450,2.4023921489715576,0.33192506432533264,0.0018533769635322966
3500,2.349107027053833,0.34544140100479126,0.0018474905782321178
3550,2.3876211643218994,0.33930104970932007,0.0018414981347496834
3600,2.336153745651245,0.35424888134002686,0.0018354003874526716
3650,2.335468292236328,0.3501664698123932,0.0018291981039650915
3700,2.3418333530426025,0.3469144403934479,0.0018228920650706466
3750,2.312650203704834,0.35306334495544434,0.0018164830646144395
3800,2.3268485069274902,0.34820154309272766,0.001809971909403049
3850,2.3283698558807373,0.35037484765052795,0.0018033594191029525
3900,2.331711530685425,0.3461083471775055,0.00179664642613735
3950,2.2908084392547607,0.35255852341651917,0.001789833775581365
4000,2.299827814102173,0.3612487316131592,0.001782922325055667
4050,2.292072296142578,0.3537253141403198,0.0017759129446185107
4100,2.285620927810669,0.3563825488090515,0.0017688065166561993
4150,2.277928113937378,0.35887259244918823,0.00176160393577201
4200,2.2657036781311035,0.36341172456741333,0.0017543061086735718
4250,2.230760097503662,0.36891281604766846,0.0017469139540587277
4300,2.2436366081237793,0.3703145980834961,0.0017394284024998825
4350,2.201957941055298,0.3703881502151489,0.00173185039632685
4400,2.1893398761749268,0.3668558597564697,0.0017241808895082336
4450,2.178737163543701,0.37563735246658325,0.00171642084753133
4500,2.1517956256866455,0.3772745132446289,0.0017085712472805937
4550,2.13696551322937,0.37874898314476013,0.0017006330769146504
4600,2.102980613708496,0.38777977228164673,0.0016926073357419098
4650,2.1126883029937744,0.3860709071159363,0.0016844950340947622
4700,2.0796167850494385,0.39100149273872375,0.0016762971932023929
4750,2.0977752208709717,0.388414591550827,0.0016680148450622235
4800,2.0526652336120605,0.4032886028289795,0.0016596490323099935
4850,2.0316028594970703,0.4064086079597473,0.001651200808088513
4900,2.054182291030884,0.3935534954071045,0.0016426712359150799
4950,2.0285465717315674,0.3970108926296234,0.0016340613895476012
5000,2.011552572250366,0.4045085608959198,0.0016253723528494204
5050,1.99015212059021,0.4093399941921234,0.0016166052196528754
5100,1.9939017295837402,0.41272613406181335,0.0016077610936215969
5150,1.979166030883789,0.4148130714893341,0.0015988410881115718
5200,1.965408444404602,0.41590017080307007,0.0015898463260309915
5250,1.9799038171768188,0.41378214955329895,0.0015807779396988873
5300,1.9507033824920654,0.4238600730895996,0.0015716370707025895
5350,1.9345042705535889,0.4176713228225708,0.0015624248697540183
5400,1.9015413522720337,0.4323529303073883,0.0015531424965448217
5450,1.8659906387329102,0.43348461389541626,0.0015437911196003874
5500,1.8461469411849976,0.44954201579093933,0.0015343719161327405
5550,1.8033291101455688,0.4531588554382324,0.0015248860718923489
5600,1.7342274188995361,0.4687524735927582,0.001515334781018856
5650,1.6881828308105469,0.48514458537101746,0.0015057192458907518
5700,1.6131703853607178,0.5136687159538269,0.0014960406769740063
5750,1.5538984537124634,0.5216565132141113,0.0014863002926696943
5800,1.4374557733535767,0.5659669637680054,0.0014764993191606153
5850,1.3448373079299927,0.5899702906608582,0.001466638990256926
5900,1.3251008987426758,0.5996493697166443,0.0014567205472408309
5950,1.2278764247894287,0.6228766441345215,0.0014467452387103119
6000,1.201372504234314,0.6296969056129456,0.0014367143204219522
6050,1.117324948310852,0.6496466398239136,0.0014266290551328531
6100,1.0451513528823853,0.6708423495292664,0.00141649071244167
6150,1.0306010246276855,0.67326420545578,0.0014063005686287833
6200,0.9628242254257202,0.694159984588623,0.0013960599064956373
6250,0.8684520721435547,0.7128720879554749,0.0013857700152032477
6300,0.9040529131889343,0.7061623334884644,0.001375432190109919
6350,0.8317209482192993,0.7277821898460388,0.001365047732608172
6400,0.7674309015274048,0.7449150681495667,0.0013546179499609196
6450,0.7331698536872864,0.7528054118156433,0.0013441441551368958
6500,0.681381106376648,0.7694201469421387,0.001333627666645375
6550,0.7265153527259827,0.7570360898971558,0.0013230698083701875
6600,0.68781977891922,0.7716161608695984,0.0013124719094030574
6650,0.6040660738945007,0.7952407002449036,0.0013018353038762953
6700,0.6061621308326721,0.8110488057136536,0.001291161330794842
6750,0.46362507343292236,0.8525481820106506,0.0012804513338677105
6800,0.4227534234523773,0.8641611337661743,0.0012697066613388264
6850,0.3991316258907318,0.875421404838562,0.0012589286658173091
6900,0.34464508295059204,0.890127420425415,0.00124811870410719
6950,0.30209940671920776,0.904056966304779,0.001237278137036612
7000,0.38862740993499756,0.8806877136230469,0.0012264083292865182
7050,0.3239589035511017,0.900995671749115,0.0012155106492188626
7100,0.3358182907104492,0.8965462446212769,0.001204586468704343
7150,0.2547569274902344,0.9221093058586121,0.0011936371629497071
7200,0.22862131893634796,0.9275826215744019,0.00118266411032463
7250,0.255555659532547,0.9188889861106873,0.0011716686921881996
7300,0.22967301309108734,0.9263654351234436,0.0011606522927150164
7350,0.2580423951148987,0.9207574129104614,0.0011496162987209497
7400,0.20970962941646576,0.9314494132995605,0.0011385620994885533
7450,0.19370177388191223,0.9397998452186584,0.0011274910865921753
7500,0.17405803501605988,0.9440191388130188,0.0011164046537227776
7550,0.22436024248600006,0.9280806183815002,0.0011053041965124865
7600,0.18656671047210693,0.9417638778686523,0.0010941911123589045
7650,0.1540868580341339,0.950032114982605,0.0010830668002491945
7700,0.2030610740184784,0.9349696040153503,0.0010719326605839676
7750,0.14952069520950317,0.9527431726455688,0.0010607900950009947
7800,0.1747647374868393,0.9424607753753662,0.0010496405061987517
7850,0.1404130607843399,0.954866886138916,0.0010384852977598444
7900,0.15962716937065125,0.949722945690155,0.0010273258739743152
7950,0.14108404517173767,0.9558800458908081,0.0010161636396628607
8000,0.10759716480970383,0.9654649496078491,0.0010049999999999883
8050,0.13622555136680603,0.9541240334510803,0.000993836360337117
8100,0.11208907514810562,0.9654043316841125,0.0009826741260256623
8150,0.14186416566371918,0.9537132382392883,0.0009715147022401322
8200,0.14940643310546875,0.954346239566803,0.0009603594938012251
8250,0.1070222556591034,0.9654924273490906,0.0009492099049989814
8300,0.11019692569971085,0.963886022567749,0.0009380673394160083
8350,0.13036595284938812,0.957779049873352,0.0009269331997507822
8400,0.13401740789413452,0.9581509828567505,0.0009158088876410715
8450,0.1027618795633316,0.9658681154251099,0.0009046958034874882
8500,0.12222978472709656,0.9629046320915222,0.0008935953462771965
8550,0.09813152253627777,0.9697861075401306,0.0008825089134077979
8600,0.09462684392929077,0.9697743058204651,0.0008714379005114203
8650,0.08937423676252365,0.9709596037864685,0.0008603837012790247
8700,0.09159565716981888,0.9714103937149048,0.0008493477072849582
8750,0.10047890245914459,0.9687674641609192,0.0008383313078117755
8800,0.11364994198083878,0.9650092720985413,0.0008273358896753448
8850,0.09328704327344894,0.969459593296051,0.0008163628370502686
8900,0.08896388113498688,0.9735795259475708,0.0008054135312956326
8950,0.11771088093519211,0.9634978175163269,0.0007944893507811124
9000,0.09237679839134216,0.9712926149368286,0.0007835916707134567
9050,0.07942837476730347,0.9741076827049255,0.0007727218629633635
9100,0.11925247311592102,0.9624227285385132,0.0007618812958927847
9150,0.06570345163345337,0.9791183471679688,0.000751071334182665
9200,0.08523145318031311,0.9710500836372375,0.0007402933386611476
9250,0.09447243064641953,0.9708040356636047,0.0007295486661322643
9300,0.08127469569444656,0.9742032885551453,0.0007188386692051322
9350,0.0620480515062809,0.9796258807182312,0.0007081646961236793
9400,0.07366129755973816,0.9756097197532654,0.0006975280905969171
9450,0.07080452144145966,0.97731614112854,0.0006869301916297872
9500,0.08963540941476822,0.9742369651794434,0.0006763723333545992
9550,0.09691260755062103,0.9733269810676575,0.0006658558448630785
9600,0.07529342174530029,0.9776447415351868,0.0006553820500390547
9650,0.07230301201343536,0.977655827999115,0.000644952267391802
9700,0.05099033564329147,0.9840967059135437,0.0006345678098900551
9750,0.052372220903635025,0.9850592017173767,0.0006242299847967262
9800,0.0628155991435051,0.9814050793647766,0.0006139400935043368
9850,0.061922863125801086,0.9810276031494141,0.0006036994313711901
9900,0.043224189430475235,0.9861255884170532,0.0005935092875583032
9950,0.06967806071043015,0.979328989982605,0.0005833709448671197
10000,0.075905941426754,0.9759408831596375,0.0005732856795780209
10050,0.07205156236886978,0.9767107367515564,0.0005632547612896613
10100,0.06436385214328766,0.9796580672264099,0.0005532794527591423
10150,0.050260696560144424,0.9827530980110168,0.000543361009743047
10200,0.057014621794223785,0.9825767278671265,0.0005335006808393583
10250,0.06078154221177101,0.9802769422531128,0.0005236997073302782
10300,0.05363205075263977,0.9832313060760498,0.000513959323025967
10350,0.059659022837877274,0.9828192591667175,0.0005042807541092214
10400,0.036003343760967255,0.9882219433784485,0.0004946652189811158
10450,0.04371896758675575,0.9868557453155518,0.00048511392810762246
10500,0.04888288304209709,0.9833146333694458,0.0004756280838672318
10550,0.029492197558283806,0.9901678562164307,0.00046620888039958496
10600,0.047157108783721924,0.9856098294258118,0.00045685750345515053
10650,0.03502557799220085,0.9888080358505249,0.0004475751302459539
10700,0.04972178488969803,0.9842877388000488,0.000438362929297383
10750,0.04866539686918259,0.9848329424858093,0.0004292220603010862
10800,0.041616205126047134,0.9871214032173157,0.0004201536739689822
10850,0.039713677018880844,0.9880092144012451,0.0004111589118884018
10900,0.05905112251639366,0.9826667904853821,0.0004022389063783775
10950,0.04529491811990738,0.9847205877304077,0.00039339478034709855
11000,0.03685764595866203,0.988532304763794,0.0003846276471505538
11050,0.035766106098890305,0.9882455468177795,0.0003759386104523734
11100,0.050529900938272476,0.9842923283576965,0.0003673287640848946
11150,0.03404509276151657,0.9891878962516785,0.0003587991919114611
11200,0.032590337097644806,0.9901379346847534,0.00035035096768997994
11250,0.047773174941539764,0.9854512810707092,0.00034198515493775024
11300,0.027261795476078987,0.9915845990180969,0.00033370280679758025
11350,0.065058134496212,0.9855567216873169,0.00032550496590521167
11400,0.03086911514401436,0.9893659353256226,0.00031739266425806446
11450,0.035414405167102814,0.9891078472137451,0.00030936692308532383
11500,0.0248374305665493,0.9919277429580688,0.0003014287527193802
11550,0.04217265173792839,0.9890004992485046,0.0002935791524686433
11600,0.0346507765352726,0.9895341992378235,0.000285819110491741
11650,0.026442311704158783,0.991129457950592,0.0002781496036731246
11700,0.033283937722444534,0.9891523122787476,0.0002705715975000921
11750,0.04334118589758873,0.9871906638145447,0.0002630860459412462
11800,0.028058689087629318,0.9912084341049194,0.0002556938913264029
11850,0.029123563319444656,0.991186261177063,0.0002483960642279659
11900,0.03218570724129677,0.9898573756217957,0.00024119348334377612
11950,0.032175373286008835,0.9883337020874023,0.00023408705538146445
12000,0.02586863934993744,0.9918640851974487,0.00022707767494430808
12050,0.0243882667273283,0.9923748970031738,0.00022016622441861105
12100,0.021535996347665787,0.9923089146614075,0.00021335357386262558
12150,0.020032133907079697,0.9940253496170044,0.00020664058089702158
12200,0.026825765147805214,0.9905518293380737,0.00020002809059692503
12250,0.023596854880452156,0.9927065968513489,0.00019351693538553375
12300,0.020893322303891182,0.9941713809967041,0.00018710793492932747
12350,0.026625249534845352,0.991252064704895,0.00018080189603488143
12400,0.03938081115484238,0.988783061504364,0.00017459961254730175
12450,0.020436562597751617,0.9937574863433838,0.00016850186525029033
12500,0.025452475994825363,0.9919553995132446,0.00016250942176785529
12550,0.019794635474681854,0.993969202041626,0.00015662303646767626
12600,0.016608064994215965,0.9956286549568176,0.00015084345036614122
12650,0.026284046471118927,0.9918026328086853,0.00014517139103506187
12700,0.0213039368391037,0.9937218427658081,0.0001396075725100811
12750,0.0210187416523695,0.9934351444244385,0.00013415269520078806
12800,0.03287449851632118,0.9903591275215149,0.000128807445802544
12850,0.024211127310991287,0.9924009442329407,0.0001235724972100368
12900,0.020582033321261406,0.9935760498046875,0.00011844850843257294
12950,0.020588267594575882,0.9934698343276978,0.00011343612451111744
13000,0.023373229429125786,0.9921643733978271,0.00010853597643709205
13050,0.02223704755306244,0.9931719303131104,0.00010374868107294103
13100,0.017542943358421326,0.9939870238304138,9.907484107447716e-05
13150,0.019507406279444695,0.994274377822876,9.4515044815016e-05
13200,0.020692650228738785,0.9935601353645325,9.006986631130594e-05
13250,0.018941238522529602,0.9939194917678833,8.573986515126894e-05
13300,0.051621485501527786,0.9875816106796265,8.152558642355574e-05
13350,0.012887868098914623,0.9958720207214355,7.742756064892522e-05
13400,0.01348744798451662,0.9956590533256531,7.344630371346086e-05
13450,0.01534962747246027,0.9957806468009949,6.958231680362661e-05
13500,0.01655462570488453,0.9951624870300293,6.583608634317404e-05
13550,0.023805221542716026,0.991944432258606,6.220808393190881e-05
13600,0.04448605701327324,0.9903324246406555,5.8698766286322196e-05
13650,0.025339199230074883,0.9929885864257812,5.530857518209713e-05
13700,0.014567230828106403,0.9954099655151367,5.203793739849416e-05
13750,0.018049513921141624,0.9945005774497986,4.8887264664625835e-05
13800,0.03041815757751465,0.9913336038589478,4.585695360762593e-05
13850,0.014747913926839828,0.9960987567901611,4.294738570271856e-05
13900,0.01629846729338169,0.9945777654647827,4.015892722519646e-05
13950,0.02261488139629364,0.9926067590713501,3.749192920431196e-05
14000,0.03484203666448593,0.9911960363388062,3.4946727379085614e-05
14050,0.0105378283187747,0.9963427782058716,3.252364215604365e-05
14100,0.012337164022028446,0.9949571490287781,3.0222978568880946e-05
14150,0.010100792162120342,0.9966728091239929,2.8045026240062498e-05
14200,0.017126964405179024,0.995308518409729,2.599005934436384e-05
14250,0.014452147297561169,0.995151162147522,2.4058336574355638e-05
14300,0.014876662753522396,0.9954693913459778,2.2250101107838324e-05
14350,0.016892800107598305,0.9952647686004639,2.05655805772288e-05
14400,0.016505686566233635,0.9954520463943481,1.9004987040905077e-05
14450,0.022158648818731308,0.9933911561965942,1.7568516956510946e-05
14500,0.01707267016172409,0.9943762421607971,1.6256351156223763e-05
14550,0.014489106833934784,0.9954385757446289,1.5068654823991546e-05
14600,0.01368443388491869,0.9961255788803101,1.4005577474737227e-05
14650,0.01391812413930893,0.9957386255264282,1.3067252935537748e-05
14700,0.013692369684576988,0.9954912662506104,1.225379932877625e-05
14750,0.012544261291623116,0.9961877465248108,1.156531905727252e-05
14800,0.009616266004741192,0.9972091317176819,1.100189879139201e-05
14850,0.021300476044416428,0.9933370351791382,1.056360945813437e-05
14900,0.014259296469390392,0.9956607818603516,1.0250506232206006e-05
14950,0.010538783855736256,0.9964900612831116,1.0062628529072934e-05
15000,0.018583005294203758,0.9941068887710571,1e-05
